Altium Designer Pick and Place Locations
C:\Users\thepr\Documents\git\hw\THEP_LEDDRV_001\prj\Project Outputs for THEP_LEDDRV_001\Pick Place\Pick Place for Main.csv

========================================================================================================================
File Design Information:

Date:       20-09-24
Time:       20:55
Revision:   c7393fde13608f82805ae4e642b6a6a472819fce
Variant:    No variations
Units used: mm

"Designator","Comment","Layer","Footprint","Center-X(mm)","Center-Y(mm)","Rotation","Description"
"R20","22k 5%","TopLayer","RES_0402_1005","92.1000","70.6000","0","SMT Resistor"
"R19","22k 5%","TopLayer","RES_0402_1005","86.1000","70.6000","0","SMT Resistor"
"R18","220R 5%","TopLayer","RES_0402_1005","93.8000","70.6000","180","SMT Resistor"
"R17","220R 5%","TopLayer","RES_0402_1005","87.8000","70.6000","180","SMT Resistor"
"R14","22k 5%","TopLayer","RES_0402_1005","80.2000","70.6000","0","SMT Resistor"
"R13","22k 5%","TopLayer","RES_0402_1005","74.2000","70.6000","0","SMT Resistor"
"R12","22k 5%","TopLayer","RES_0402_1005","68.2000","70.7000","0","SMT Resistor"
"R11","22k 5%","TopLayer","RES_0402_1005","62.1000","70.7000","0","SMT Resistor"
"R10","220R 5%","TopLayer","RES_0402_1005","81.9000","70.6000","180","SMT Resistor"
"R9","220R 5%","TopLayer","RES_0402_1005","75.8900","70.6000","180","SMT Resistor"
"R8","220R 5%","TopLayer","RES_0402_1005","69.8900","70.7000","180","SMT Resistor"
"R7","220R 5%","TopLayer","RES_0402_1005","63.8000","70.7000","180","SMT Resistor"
"Q6","NDS355AN","TopLayer","SOT95P240X120-3N","92.9000","67.9000","270","N-CHANNEL ENHANCEMENT MODE MOSFET"
"Q5","NDS355AN","TopLayer","SOT95P240X120-3N","86.9000","67.9000","270","N-CHANNEL ENHANCEMENT MODE MOSFET"
"Q4","NDS355AN","TopLayer","SOT95P240X120-3N","81.0000","67.9000","270","N-CHANNEL ENHANCEMENT MODE MOSFET"
"Q3","NDS355AN","TopLayer","SOT95P240X120-3N","75.0000","67.9000","270","N-CHANNEL ENHANCEMENT MODE MOSFET"
"Q2","NDS355AN","TopLayer","SOT95P240X120-3N","69.0000","67.9000","270","N-CHANNEL ENHANCEMENT MODE MOSFET"
"Q1","NDS355AN","TopLayer","SOT95P240X120-3N","63.0000","67.9000","270","N-CHANNEL ENHANCEMENT MODE MOSFET"
"P8","2 Pin Header","TopLayer","PCB_-_CONNECTOR_-_HEADER_PIN_02","93.0000","64.4000","0",""
"P7","2 Pin Header","TopLayer","PCB_-_CONNECTOR_-_HEADER_PIN_02","87.0000","64.4000","0",""
"P6","2 Pin Header","TopLayer","PCB_-_CONNECTOR_-_HEADER_PIN_02","81.0000","64.4000","0",""
"P5","2 Pin Header","TopLayer","PCB_-_CONNECTOR_-_HEADER_PIN_02","75.0000","64.4000","0",""
"P4","2 Pin Header","TopLayer","PCB_-_CONNECTOR_-_HEADER_PIN_02","69.0000","64.4000","0",""
"P3","2 Pin Header","TopLayer","PCB_-_CONNECTOR_-_HEADER_PIN_02","63.0000","64.4000","0",""
"C1","0.1uF 25V","TopLayer","CAP_0402_1005","83.1100","81.3000","0","SMT Capacitor"
"U2","STM32G030F6P6","TopLayer","STM32_-_TSSOP20","90.7000","78.1000","0","No Description Available"
"U1","MP2318GJ-P","TopLayer","TSOT23-8_MP2318_MNP","80.1000","80.4000","90","No Description Available"
"R16","500R","TopLayer","RES_0402_1005","96.4000","76.5000","0","SMT Resistor"
"R15","500R","TopLayer","RES_0402_1005","96.4000","79.3000","0","SMT Resistor"
"R6","DNP","TopLayer","RES_0402_1005","96.4000","80.2000","180","SMT Resistor"
"R5","6.34k","TopLayer","RES_0402_1005","77.4000","79.5000","90","SMT Resistor"
"R4","40.2k","TopLayer","RES_0402_1005","76.5000","79.5000","90","SMT Resistor"
"R3","20k","TopLayer","RES_0402_1005","77.4000","81.3000","90","SMT Resistor"
"R2","100k","TopLayer","RES_0402_1005","76.5000","81.3000","90","SMT Resistor"
"R1","20R","TopLayer","RES_0402_1005","83.1000","82.2000","180","SMT Resistor"
"P2","5 Pin Header","TopLayer","PCB_-_CONNECTOR_-_HEADER_PIN_05","91.0000","83.1000","0",""
"P1","3 Pin Header","TopLayer","PCB_-_CONNECTOR_-_HEADER_PIN_03","97.2000","67.0000","90",""
"L1","1uH","TopLayer","IND_SRN2012T_BRN","83.9000","79.4000","0","SMD Inductor with Core"
"J1","PJ-102AH","TopLayer","CUI_PJ-102AH","71.0000","77.1500","180","2.0 mm Center Pin, 5.0 A, Right Angle, Through Hole, Tapered Pins, Dc Power Jack Connector, Barrel Jack"
"D2","BLU","TopLayer","LED-0603-BLUE","96.6000","75.1000","180","CHIP LED BLUE"
"D1","BLU","TopLayer","LED-0603-BLUE","96.6000","77.9000","180","CHIP LED BLUE"
"C6","0.1uF 25V","TopLayer","CAP_0402_1005","96.4000","81.1000","180","SMT Capacitor"
"C5","22uF 25V","TopLayer","CAP_1206_3216","83.3000","76.3000","0","SMT Capacitor"
"C4","0.1uF 25V","TopLayer","CAP_0402_1005","80.2000","83.2000","180","SMT Capacitor"
"C2","22uF 25V","TopLayer","CAP_1206_3216","78.5000","76.3000","180","SMT Capacitor"
